Workbook

Sheet Break-Even by City
A1: City | B1: Province | C1: Total Appts | D1: Canc. Before | E1: Canc.B % | F1: Showed Up | G1: Show Rate | H1: Sold | I1: Close Rate | J1: Avg Deal ($) | K1: Revenue ($) | L1: Margin/Sale ($) | M1: BE CPA ($) | N1: Est. Spend ($) | O1: Actual CPA ($) | P1: CPA Headroom ($) | Q1: Appts LG | R1: Sold LG | S1: Deal LG ($) | T1: BE CPA LG ($) | U1: Appts CONV | V1: Sold CONV | W1: Deal CONV ($) | X1: BE CPA CONV ($) | Y1: Appts Calls | Z1: Sold Calls | AA1: Deal Calls ($) | AB1: BE CPA Calls ($)
A2: Calgary | B2: Alberta | C2: 1414 | D2: 362 | E2: =D2/(F2+D2) -> 0.28436764 | F2: 911 | G2: =IF(C2>0,F2/C2,0) -> 0.64427157 | H2: 145 | I2: =IF(F2>0,H2/F2,0) -> 0.15916575 | J2: 14138 | K2: 2035937 | L2: =J2*Assumptions!$B$4 -> 4665.54 | M2: =G2*I2*L2 -> 478.43232 | N2: 1144402 | O2: =IF(C2>0,N2/C2,0) -> 809.33663 | P2: =M2-O2 -> -330.90431 | Q2: 754 | R2: 74 | S2: 12996 | T2: =IF(Q2>0,(R2/Q2)*S2*Assumptions!$B$4,0) -> 420.90493 | U2: 532 | V2: 60 | W2: 15055 | X2: =IF(U2>0,(V2/U2)*W2*Assumptions!$B$4,0) -> 560.31767 | Y2: 78 | Z2: 7 | AA2: 17509 | AB2: =IF(Y2>0,(Z2/Y2)*AA2*Assumptions!$B$4,0) -> 518.53577
A3: Edmonton | B3: Alberta | C3: 1334 | D3: 266 | E3: =D3/(F3+D3) -> 0.22990493 | F3: 891 | G3: =IF(C3>0,F3/C3,0) -> 0.66791604 | H3: 148 | I3: =IF(F3>0,H3/F3,0) -> 0.1661055 | J3: 11901 | K3: 1689970 | L3: =J3*Assumptions!$B$4 -> 3927.33 | M3: =G3*I3*L3 -> 435.71577 | N3: 1079655 | O3: =IF(C3>0,N3/C3,0) -> 809.33658 | P3: =M3-O3 -> -373.62081 | Q3: 788 | R3: 84 | S3: 11477 | T3: =IF(Q3>0,(R3/Q3)*S3*Assumptions!$B$4,0) -> 403.73406 | U3: 422 | V3: 51 | W3: 12525 | X3: =IF(U3>0,(V3/U3)*W3*Assumptions!$B$4,0) -> 499.516 | Y3: 78 | Z3: 8 | AA3: 13387 | AB3: =IF(Y3>0,(Z3/Y3)*AA3*Assumptions!$B$4,0) -> 453.09846
A4: Winnipeg | B4: Manitoba | C4: 898 | D4: 350 | E4: =D4/(F4+D4) -> 0.41866029 | F4: 486 | G4: =IF(C4>0,F4/C4,0) -> 0.54120267 | H4: 106 | I4: =IF(F4>0,H4/F4,0) -> 0.218107 | J4: 9364 | K4: 983242 | L4: =J4*Assumptions!$B$4 -> 3090.12 | M4: =G4*I4*L4 -> 364.75804 | N4: 723558 | O4: =IF(C4>0,N4/C4,0) -> 805.74388 | P4: =M4-O4 -> -440.98584 | Q4: 448 | R4: 50 | S4: 10317 | T4: =IF(Q4>0,(R4/Q4)*S4*Assumptions!$B$4,0) -> 379.97879 | U4: 380 | V4: 45 | W4: 8850 | X4: =IF(U4>0,(V4/U4)*W4*Assumptions!$B$4,0) -> 345.84868 | Y4: 45 | Z4: 4 | AA4: 6399 | AB4: =IF(Y4>0,(Z4/Y4)*AA4*Assumptions!$B$4,0) -> 187.704
A5: Vancouver | B5: British Columbia | C5: 632 | D5: 138 | E5: =D5/(F5+D5) -> 0.23875433 | F5: 440 | G5: =IF(C5>0,F5/C5,0) -> 0.69620253 | H5: 64 | I5: =IF(F5>0,H5/F5,0) -> 0.14545455 | J5: 17947 | K5: 1148613 | L5: =J5*Assumptions!$B$4 -> 5922.51 | M5: =G5*I5*L5 -> 599.74785 | N5: 663320 | O5: =IF(C5>0,N5/C5,0) -> 1049.557 | P5: =M5-O5 -> -449.80911 | Q5: 310 | R5: 25 | S5: 19192 | T5: =IF(Q5>0,(R5/Q5)*S5*Assumptions!$B$4,0) -> 510.75484 | U5: 271 | V5: 36 | W5: 17475 | X5: =IF(U5>0,(V5/U5)*W5*Assumptions!$B$4,0) -> 766.06273 | Y5: 37 | Z5: 2 | AA5: 8710 | AB5: =IF(Y5>0,(Z5/Y5)*AA5*Assumptions!$B$4,0) -> 155.36757
A6: Halifax | B6: Nova Scotia | C6: 593 | D6: 105 | E6: =D6/(F6+D6) -> 0.19736842 | F6: 427 | G6: =IF(C6>0,F6/C6,0) -> 0.72006745 | H6: 64 | I6: =IF(F6>0,H6/F6,0) -> 0.1498829 | J6: 12935 | K6: 827863 | L6: =J6*Assumptions!$B$4 -> 4268.55 | M6: =G6*I6*L6 -> 460.68668 | N6: 475234 | O6: =IF(C6>0,N6/C6,0) -> 801.40641 | P6: =M6-O6 -> -340.71973 | Q6: 159 | R6: 17 | S6: 14201 | T6: =IF(Q6>0,(R6/Q6)*S6*Assumptions!$B$4,0) -> 501.05415 | U6: 317 | V6: 34 | W6: 12747 | X6: =IF(U6>0,(V6/U6)*W6*Assumptions!$B$4,0) -> 451.17142 | Y6: 18 | Z6: 1 | AA6: 10860 | AB6: =IF(Y6>0,(Z6/Y6)*AA6*Assumptions!$B$4,0) -> 199.1
A7: Ottawa | B7: Ontario | C7: 467 | D7: 85 | E7: =D7/(F7+D7) -> 0.21573604 | F7: 309 | G7: =IF(C7>0,F7/C7,0) -> 0.66167024 | H7: 58 | I7: =IF(F7>0,H7/F7,0) -> 0.18770227 | J7: 10950 | K7: 635100 | L7: =J7*Assumptions!$B$4 -> 3613.5 | M7: =G7*I7*L7 -> 448.78587 | N7: 648517 | O7: =IF(C7>0,N7/C7,0) -> 1388.6874 | P7: =M7-O7 -> -939.9015 | Q7: 222 | R7: 30 | S7: 10761 | T7: =IF(Q7>0,(R7/Q7)*S7*Assumptions!$B$4,0) -> 479.88243 | U7: 206 | V7: 24 | W7: 12070 | X7: =IF(U7>0,(V7/U7)*W7*Assumptions!$B$4,0) -> 464.05049 | Y7: 20 | Z7: 3 | AA7: 5349 | AB7: =IF(Y7>0,(Z7/Y7)*AA7*Assumptions!$B$4,0) -> 264.7755
A8: Moncton | B8: New Brunswick | C8: 390 | D8: 49 | E8: =D8/(F8+D8) -> 0.13687151 | F8: 309 | G8: =IF(C8>0,F8/C8,0) -> 0.79230769 | H8: 78 | I8: =IF(F8>0,H8/F8,0) -> 0.25242718 | J8: 12620 | K8: 971709 | L8: =J8*Assumptions!$B$4 -> 4164.6 | M8: =G8*I8*L8 -> 832.92 | N8: 303102 | O8: =IF(C8>0,N8/C8,0) -> 777.18462 | P8: =M8-O8 -> 55.735385 | Q8: 102 | R8: 20 | S8: 11726 | T8: =IF(Q8>0,(R8/Q8)*S8*Assumptions!$B$4,0) -> 758.74118 | U8: 198 | V8: 47 | W8: 13813 | X8: =IF(U8>0,(V8/U8)*W8*Assumptions!$B$4,0) -> 1082.0183 | Y8: 12 | Z8: 0 | AA8: 0 | AB8: 0
A9: Regina | B9: Saskatchewan | C9: 308 | D9: 42 | E9: =D9/(F9+D9) -> 0.15107914 | F9: 236 | G9: =IF(C9>0,F9/C9,0) -> 0.76623377 | H9: 41 | I9: =IF(F9>0,H9/F9,0) -> 0.17372881 | J9: 12508 | K9: 487794 | L9: =J9*Assumptions!$B$4 -> 4127.64 | M9: =G9*I9*L9 -> 549.45857 | N9: 309767 | O9: =IF(C9>0,N9/C9,0) -> 1005.737 | P9: =M9-O9 -> -456.27844 | Q9: 134 | R9: 17 | S9: 12799 | T9: =IF(Q9>0,(R9/Q9)*S9*Assumptions!$B$4,0) -> 535.83873 | U9: 147 | V9: 19 | W9: 12519 | X9: =IF(U9>0,(V9/U9)*W9*Assumptions!$B$4,0) -> 533.97367 | Y9: 16 | Z9: 4 | AA9: 11339 | AB9: =IF(Y9>0,(Z9/Y9)*AA9*Assumptions!$B$4,0) -> 935.4675
A10: Saskatoon | B10: Saskatchewan | C10: 271 | D10: 49 | E10: =D10/(F10+D10) -> 0.21212121 | F10: 182 | G10: =IF(C10>0,F10/C10,0) -> 0.67158672 | H10: 36 | I10: =IF(F10>0,H10/F10,0) -> 0.1978022 | J10: 13690 | K10: 492848 | L10: =J10*Assumptions!$B$4 -> 4517.7 | M10: =G10*I10*L10 -> 600.13727 | N10: 272554 | O10: =IF(C10>0,N10/C10,0) -> 1005.7343 | P10: =M10-O10 -> -405.59705 | Q10: 113 | R10: 14 | S10: 13005 | T10: =IF(Q10>0,(R10/Q10)*S10*Assumptions!$B$4,0) -> 531.70885 | U10: 135 | V10: 20 | W10: 14496 | X10: =IF(U10>0,(V10/U10)*W10*Assumptions!$B$4,0) -> 708.69333 | Y10: 10 | Z10: 0 | AA10: 0 | AB10: 0
A11: Fredericton | B11: New Brunswick | C11: 262 | D11: 39 | E11: =D11/(F11+D11) -> 0.16738197 | F11: 194 | G11: =IF(C11>0,F11/C11,0) -> 0.74045802 | H11: 43 | I11: =IF(F11>0,H11/F11,0) -> 0.22164948 | J11: 13682 | K11: 588325 | L11: =J11*Assumptions!$B$4 -> 4515.06 | M11: =G11*I11*L11 -> 741.0213 | N11: 203622 | O11: =IF(C11>0,N11/C11,0) -> 777.18321 | P11: =M11-O11 -> -36.161908 | Q11: 118 | R11: 15 | S11: 13195 | T11: =IF(Q11>0,(R11/Q11)*S11*Assumptions!$B$4,0) -> 553.51907 | U11: 126 | V11: 25 | W11: 14334 | X11: =IF(U11>0,(V11/U11)*W11*Assumptions!$B$4,0) -> 938.53571 | Y11: 11 | Z11: 3 | AA11: 10684 | AB11: =IF(Y11>0,(Z11/Y11)*AA11*Assumptions!$B$4,0) -> 961.56
A12: Saint John, NB | B12: New Brunswick | C12: 236 | D12: 43 | E12: =D12/(F12+D12) -> 0.21938776 | F12: 153 | G12: =IF(C12>0,F12/C12,0) -> 0.64830508 | H12: 35 | I12: =IF(F12>0,H12/F12,0) -> 0.22875817 | J12: 12559 | K12: 427001 | L12: =J12*Assumptions!$B$4 -> 4144.47 | M12: =G12*I12*L12 -> 614.64597 | N12: 183416 | O12: =IF(C12>0,N12/C12,0) -> 777.18644 | P12: =M12-O12 -> -162.54047 | Q12: 40 | R12: 6 | S12: 12960 | T12: =IF(Q12>0,(R12/Q12)*S12*Assumptions!$B$4,0) -> 641.52 | U12: 169 | V12: 27 | W12: 11391 | X12: =IF(U12>0,(V12/U12)*W12*Assumptions!$B$4,0) -> 600.55509 | Y12: 11 | Z12: 0 | AA12: 0 | AB12: 0
A13: St. Jhon's, NF | B13: Newfoundland and Labrador | C13: 221 | D13: 22 | E13: =D13/(F13+D13) -> 0.12941176 | F13: 148 | G13: =IF(C13>0,F13/C13,0) -> 0.66968326 | H13: 27 | I13: =IF(F13>0,H13/F13,0) -> 0.18243243 | J13: 10251 | K13: 256265 | L13: =J13*Assumptions!$B$4 -> 3382.83 | M13: =G13*I13*L13 -> 413.28692 | N13: 285090 | O13: =IF(C13>0,N13/C13,0) -> 1290 | P13: =M13-O13 -> -876.71308 | Q13: 92 | R13: 8 | S13: 9478 | T13: =IF(Q13>0,(R13/Q13)*S13*Assumptions!$B$4,0) -> 271.97739 | U13: 117 | V13: 18 | W13: 10614 | X13: =IF(U13>0,(V13/U13)*W13*Assumptions!$B$4,0) -> 538.86462 | Y13: 7 | Z13: 0 | AA13: 0 | AB13: 0
A14: Kelowna | B14: British Columbia | C14: 204 | D14: 66 | E14: =D14/(F14+D14) -> 0.37288136 | F14: 111 | G14: =IF(C14>0,F14/C14,0) -> 0.54411765 | H14: 29 | I14: =IF(F14>0,H14/F14,0) -> 0.26126126 | J14: 13832 | K14: 401137 | L14: =J14*Assumptions!$B$4 -> 4564.56 | M14: =G14*I14*L14 -> 648.88353 | N14: 214110 | O14: =IF(C14>0,N14/C14,0) -> 1049.5588 | P14: =M14-O14 -> -400.67529 | Q14: 98 | R14: 14 | S14: 15293 | T14: =IF(Q14>0,(R14/Q14)*S14*Assumptions!$B$4,0) -> 720.95571 | U14: 90 | V14: 13 | W14: 11752 | X14: =IF(U14>0,(V14/U14)*W14*Assumptions!$B$4,0) -> 560.17867 | Y14: 7 | Z14: 1 | AA14: 4830 | AB14: =IF(Y14>0,(Z14/Y14)*AA14*Assumptions!$B$4,0) -> 227.7
A15: Lethbridge | B15: Alberta | C15: 189 | D15: 54 | E15: =D15/(F15+D15) -> 0.33333333 | F15: 108 | G15: =IF(C15>0,F15/C15,0) -> 0.57142857 | H15: 22 | I15: =IF(F15>0,H15/F15,0) -> 0.2037037 | J15: 14866 | K15: 327056 | L15: =J15*Assumptions!$B$4 -> 4905.78 | M15: =G15*I15*L15 -> 571.04317 | N15: 152965 | O15: =IF(C15>0,N15/C15,0) -> 809.33862 | P15: =M15-O15 -> -238.29545 | Q15: 95 | R15: 10 | S15: 11379 | T15: =IF(Q15>0,(R15/Q15)*S15*Assumptions!$B$4,0) -> 395.27053 | U15: 68 | V15: 10 | W15: 19834 | X15: =IF(U15>0,(V15/U15)*W15*Assumptions!$B$4,0) -> 962.53235 | Y15: 15 | Z15: 1 | AA15: 11267 | AB15: =IF(Y15>0,(Z15/Y15)*AA15*Assumptions!$B$4,0) -> 247.874
A16: Medicine Hat | B16: Alberta | C16: 136 | D16: 36 | E16: =D16/(F16+D16) -> 0.28571429 | F16: 90 | G16: =IF(C16>0,F16/C16,0) -> 0.66176471 | H16: 15 | I16: =IF(F16>0,H16/F16,0) -> 0.16666667 | J16: 17318 | K16: 259767 | L16: =J16*Assumptions!$B$4 -> 5714.94 | M16: =G16*I16*L16 -> 630.32426 | N16: 110070 | O16: =IF(C16>0,N16/C16,0) -> 809.33824 | P16: =M16-O16 -> -179.01397 | Q16: 68 | R16: 7 | S16: 20664 | T16: =IF(Q16>0,(R16/Q16)*S16*Assumptions!$B$4,0) -> 701.96824 | U16: 48 | V16: 6 | W16: 13419 | X16: =IF(U16>0,(V16/U16)*W16*Assumptions!$B$4,0) -> 553.53375 | Y16: 11 | Z16: 0 | AA16: 0 | AB16: 0
A17: Red Deer | B17: Alberta | C17: 129 | D17: 25 | E17: =D17/(F17+D17) -> 0.20833333 | F17: 95 | G17: =IF(C17>0,F17/C17,0) -> 0.73643411 | H17: 14 | I17: =IF(F17>0,H17/F17,0) -> 0.14736842 | J17: 10534 | K17: 147480 | L17: =J17*Assumptions!$B$4 -> 3476.22 | M17: =G17*I17*L17 -> 377.26419 | N17: 104404 | O17: =IF(C17>0,N17/C17,0) -> 809.33333 | P17: =M17-O17 -> -432.06915 | Q17: 59 | R17: 2 | S17: 15124 | T17: =IF(Q17>0,(R17/Q17)*S17*Assumptions!$B$4,0) -> 169.18373 | U17: 60 | V17: 11 | W17: 10502 | X17: =IF(U17>0,(V17/U17)*W17*Assumptions!$B$4,0) -> 635.371 | Y17: 7 | Z17: 1 | AA17: 1712 | AB17: =IF(Y17>0,(Z17/Y17)*AA17*Assumptions!$B$4,0) -> 80.708571
A18: Nanaimo | B18: British Columbia | C18: 123 | D18: 16 | E18: =D18/(F18+D18) -> 0.16 | F18: 84 | G18: =IF(C18>0,F18/C18,0) -> 0.68292683 | H18: 23 | I18: =IF(F18>0,H18/F18,0) -> 0.27380952 | J18: 16477 | K18: 378980 | L18: =J18*Assumptions!$B$4 -> 5437.41 | M18: =G18*I18*L18 -> 1016.7515 | N18: 129096 | O18: =IF(C18>0,N18/C18,0) -> 1049.561 | P18: =M18-O18 -> -32.809512 | Q18: 54 | R18: 7 | S18: 18984 | T18: =IF(Q18>0,(R18/Q18)*S18*Assumptions!$B$4,0) -> 812.09333 | U18: 57 | V18: 13 | W18: 14107 | X18: =IF(U18>0,(V18/U18)*W18*Assumptions!$B$4,0) -> 1061.7374 | Y18: 2 | Z18: 0 | AA18: 0 | AB18: 0
A19: Victoria | B19: British Columbia | C19: 122 | D19: 16 | E19: =D19/(F19+D19) -> 0.14953271 | F19: 91 | G19: =IF(C19>0,F19/C19,0) -> 0.74590164 | H19: 21 | I19: =IF(F19>0,H19/F19,0) -> 0.23076923 | J19: 18684 | K19: 373676 | L19: =J19*Assumptions!$B$4 -> 6165.72 | M19: =G19*I19*L19 -> 1061.3125 | N19: 128046 | O19: =IF(C19>0,N19/C19,0) -> 1049.5574 | P19: =M19-O19 -> 11.755082 | Q19: 46 | R19: 5 | S19: 32035 | T19: =IF(Q19>0,(R19/Q19)*S19*Assumptions!$B$4,0) -> 1149.0815 | U19: 62 | V19: 13 | W19: 16171 | X19: =IF(U19>0,(V19/U19)*W19*Assumptions!$B$4,0) -> 1118.9289 | Y19: 8 | Z19: 2 | AA19: 14369 | AB19: =IF(Y19>0,(Z19/Y19)*AA19*Assumptions!$B$4,0) -> 1185.4425
A20: Grande Prairie | B20: Alberta | C20: 102 | D20: 29 | E20: =D20/(F20+D20) -> 0.29292929 | F20: 70 | G20: =IF(C20>0,F20/C20,0) -> 0.68627451 | H20: 20 | I20: =IF(F20>0,H20/F20,0) -> 0.28571429 | J20: 13816 | K20: 262507 | L20: =J20*Assumptions!$B$4 -> 4559.28 | M20: =G20*I20*L20 -> 893.97647 | N20: 82552 | O20: =IF(C20>0,N20/C20,0) -> 809.33333 | P20: =M20-O20 -> 84.643137 | Q20: 58 | R20: 12 | S20: 15586 | T20: =IF(Q20>0,(R20/Q20)*S20*Assumptions!$B$4,0) -> 1064.1476 | U20: 30 | V20: 6 | W20: 13670 | X20: =IF(U20>0,(V20/U20)*W20*Assumptions!$B$4,0) -> 902.22 | Y20: 8 | Z20: 2 | AA20: 4522 | AB20: =IF(Y20>0,(Z20/Y20)*AA20*Assumptions!$B$4,0) -> 373.065
A21: Kamloops | B21: British Columbia | C21: 99 | D21: 13 | E21: =D21/(F21+D21) -> 0.14772727 | F21: 75 | G21: =IF(C21>0,F21/C21,0) -> 0.75757576 | H21: 9 | I21: =IF(F21>0,H21/F21,0) -> 0.12 | J21: 14829 | K21: 133464 | L21: =J21*Assumptions!$B$4 -> 4893.57 | M21: =G21*I21*L21 -> 444.87 | N21: 103906 | O21: =IF(C21>0,N21/C21,0) -> 1049.5556 | P21: =M21-O21 -> -604.68556 | Q21: 54 | R21: 5 | S21: 13895 | T21: =IF(Q21>0,(R21/Q21)*S21*Assumptions!$B$4,0) -> 424.56944 | U21: 37 | V21: 4 | W21: 15998 | X21: =IF(U21>0,(V21/U21)*W21*Assumptions!$B$4,0) -> 570.73946 | Y21: 5 | Z21: 0 | AA21: 0 | AB21: 0
A22: Charlottetown | B22: Prince Edward Island | C22: 78 | D22: 11 | E22: =D22/(F22+D22) -> 0.18032787 | F22: 50 | G22: =IF(C22>0,F22/C22,0) -> 0.64102564 | H22: 12 | I22: =IF(F22>0,H22/F22,0) -> 0.24 | J22: 17676 | K22: 212117 | L22: =J22*Assumptions!$B$4 -> 5833.08 | M22: =G22*I22*L22 -> 897.39692 | N22: 20035 | O22: =IF(C22>0,N22/C22,0) -> 256.85897 | P22: =M22-O22 -> 640.53795 | Q22: 52 | R22: 5 | S22: 18421 | T22: =IF(Q22>0,(R22/Q22)*S22*Assumptions!$B$4,0) -> 584.5125 | U22: 24 | V22: 7 | W22: 17144 | X22: =IF(U22>0,(V22/U22)*W22*Assumptions!$B$4,0) -> 1650.11 | Y22: 2 | Z22: 0 | AA22: 0 | AB22: 0
A23: Prince George, BC | B23: British Columbia | C23: 67 | D23: 19 | E23: =D23/(F23+D23) -> 0.35849057 | F23: 34 | G23: =IF(C23>0,F23/C23,0) -> 0.50746269 | H23: 3 | I23: =IF(F23>0,H23/F23,0) -> 0.088235294 | J23: 7722 | K23: 23166 | L23: =J23*Assumptions!$B$4 -> 2548.26 | M23: =G23*I23*L23 -> 114.10119 | N23: 70320 | O23: =IF(C23>0,N23/C23,0) -> 1049.5522 | P23: =M23-O23 -> -935.45104 | Q23: 33 | R23: 2 | S23: 8725 | T23: =IF(Q23>0,(R23/Q23)*S23*Assumptions!$B$4,0) -> 174.5 | U23: 29 | V23: 0 | W23: 0 | X23: 0 | Y23: 4 | Z23: 1 | AA23: 5716 | AB23: =IF(Y23>0,(Z23/Y23)*AA23*Assumptions!$B$4,0) -> 471.57
A24: Brandon, MB | B24: Manitoba | C24: 63 | D24: 34 | E24: =D24/(F24+D24) -> 0.65384615 | F24: 18 | G24: =IF(C24>0,F24/C24,0) -> 0.28571429 | H24: 6 | I24: =IF(F24>0,H24/F24,0) -> 0.33333333 | J24: 6767 | K24: 40601 | L24: =J24*Assumptions!$B$4 -> 2233.11 | M24: =G24*I24*L24 -> 212.67714 | N24: 50762 | O24: =IF(C24>0,N24/C24,0) -> 805.74603 | P24: =M24-O24 -> -593.06889 | Q24: 9 | R24: 0 | S24: 0 | T24: 0 | U24: 47 | V24: 6 | W24: 6767 | X24: =IF(U24>0,(V24/U24)*W24*Assumptions!$B$4,0) -> 285.07787 | Y24: 3 | Z24: 0 | AA24: 0 | AB24: 0
A25: Moose Jaw, SK | B25: Saskatchewan | C25: 53 | D25: 8 | E25: =D25/(F25+D25) -> 0.18181818 | F25: 36 | G25: =IF(C25>0,F25/C25,0) -> 0.67924528 | H25: 7 | I25: =IF(F25>0,H25/F25,0) -> 0.19444444 | J25: 5061 | K25: 35429 | L25: =J25*Assumptions!$B$4 -> 1670.13 | M25: =G25*I25*L25 -> 220.58321 | N25: 53304 | O25: =IF(C25>0,N25/C25,0) -> 1005.7358 | P25: =M25-O25 -> -785.15264 | Q25: 18 | R25: 1 | S25: 5458 | T25: =IF(Q25>0,(R25/Q25)*S25*Assumptions!$B$4,0) -> 100.06333 | U25: 34 | V25: 6 | W25: 4995 | X25: =IF(U25>0,(V25/U25)*W25*Assumptions!$B$4,0) -> 290.88529 | Y25: 0 | Z25: 0 | AA25: 0 | AB25: 0
A26: Kingston, ON | B26: Ontario | C26: 40 | D26: 10 | E26: =D26/(F26+D26) -> 0.28571429 | F26: 25 | G26: =IF(C26>0,F26/C26,0) -> 0.625 | H26: 6 | I26: =IF(F26>0,H26/F26,0) -> 0.24 | J26: 7589 | K26: 45534 | L26: =J26*Assumptions!$B$4 -> 2504.37 | M26: =G26*I26*L26 -> 375.6555 | N26: 55547 | O26: =IF(C26>0,N26/C26,0) -> 1388.675 | P26: =M26-O26 -> -1013.0195 | Q26: 10 | R26: 1 | S26: 10512 | T26: =IF(Q26>0,(R26/Q26)*S26*Assumptions!$B$4,0) -> 346.896 | U26: 24 | V26: 4 | W26: 6769 | X26: =IF(U26>0,(V26/U26)*W26*Assumptions!$B$4,0) -> 372.295 | Y26: 5 | Z26: 1 | AA26: 7947 | AB26: =IF(Y26>0,(Z26/Y26)*AA26*Assumptions!$B$4,0) -> 524.502
A27: Sydney | B27: Nova Scotia | C27: 39 | D27: 0 | E27: =D27/(F27+D27) -> 0 | F27: 5 | G27: =IF(C27>0,F27/C27,0) -> 0.12820513 | H27: 1 | I27: =IF(F27>0,H27/F27,0) -> 0.2 | J27: 0 | K27: 0 | L27: =J27*Assumptions!$B$4 -> 0 | M27: =G27*I27*L27 -> 0 | N27: 31255 | O27: =IF(C27>0,N27/C27,0) -> 801.41026 | P27: =M27-O27 -> -801.41026 | Q27: 26 | R27: 1 | S27: 0 | T27: =IF(Q27>0,(R27/Q27)*S27*Assumptions!$B$4,0) -> 0 | U27: 7 | V27: 0 | W27: 0 | X27: 0 | Y27: 5 | Z27: 0 | AA27: 0 | AB27: 0
A28: Lloydminster, AB | B28: Alberta | C28: 20 | D28: 5 | E28: =D28/(F28+D28) -> 0.27777778 | F28: 13 | G28: =IF(C28>0,F28/C28,0) -> 0.65 | H28: 1 | I28: =IF(F28>0,H28/F28,0) -> 0.076923077 | J28: 8709 | K28: 8709 | L28: =J28*Assumptions!$B$4 -> 2873.97 | M28: =G28*I28*L28 -> 143.6985 | N28: 16187 | O28: =IF(C28>0,N28/C28,0) -> 809.35 | P28: =M28-O28 -> -665.6515 | Q28: 6 | R28: 0 | S28: 0 | T28: 0 | U28: 13 | V28: 1 | W28: 8709 | X28: =IF(U28>0,(V28/U28)*W28*Assumptions!$B$4,0) -> 221.07462 | Y28: 1 | Z28: 0 | AA28: 0 | AB28: 0
A29: Kenora | B29: Ontario | C29: 0 | D29: 0 | E29: 0 | F29: 0 | G29: =IF(C29>0,F29/C29,0) -> 0 | H29: 0 | I29: =IF(F29>0,H29/F29,0) -> 0 | J29: 0 | K29: 0 | L29: =J29*Assumptions!$B$4 -> 0 | M29: =G29*I29*L29 -> 0 | N29: 0 | O29: =IF(C29>0,N29/C29,0) -> 0 | P29: =M29-O29 -> 0 | Q29: 0 | R29: 0 | S29: 0 | T29: 0 | U29: 0 | V29: 0 | W29: 0 | X29: 0 | Y29: 0 | Z29: 0 | AA29: 0 | AB29: 0
A30: TOTAL / AVG | C30: =SUM(C2:C29) -> 8490 | D30: =SUM(D2:D29) -> 1892 | E30: =D30/(F30+D30) -> 0.25283977 | F30: =SUM(F2:F29) -> 5591 | G30: =IF(C30>0,F30/C30,0) -> 0.65853946 | H30: =SUM(H2:H29) -> 1034 | I30: =IF(F30>0,H30/F30,0) -> 0.18494008 | J30: =IF(H30>0,K30/H30,0) -> 12760.435 | K30: =SUM(K2:K29) -> 13194290 | L30: =J30*Assumptions!$B$4 -> 4210.9436 | M30: =G30*I30*L30 -> 512.85226 | N30: =SUM(N2:N29) -> 7614796 | O30: =IF(C30>0,N30/C30,0) -> 896.91355 | P30: =M30-O30 -> -384.06128

Sheet Assumptions
A1: Key Assumptions
A3: Fixed Cost % | B3: 0.67
A4: Margin % | B4: =1-B3 -> 0.33
A5: Data Period | B5: Jul 2025 – Apr 2026 (9 months)
A6: Source | B6: BigQuery: raw.leads + raw.calls + raw.spend_geo_snap + raw.call_city_map
